id,Name
0,Handcrafted Steel Towels
1,Generic Cotton Tuna
2,Unbranded Steel Pizza
3,Handcrafted Cotton Fish
4,Ergonomic Soft Shirt
5,Awesome Soft Towels
6,Practical Frozen Towels
7,Practical Metal Chicken
8,Tasty Steel Chicken
9,Generic Rubber Computer
10,Fantastic Metal Sausages
11,Sleek Rubber Pizza
12,Small Metal Table
13,Intelligent Soft Computer
14,Small Steel Tuna
15,Handmade Metal Tuna
16,Incredible Plastic Shoes
17,Awesome Concrete Mouse
18,Licensed Cotton Car
19,Small Soft Chair
20,Refined Frozen Chicken
21,Licensed Soft Chair
22,Rustic Fresh Table
23,Incredible Steel Shoes
24,Small Rubber Computer
25,Handcrafted Granite Shirt
26,Intelligent Steel Chips
27,Refined Cotton Car
28,Tasty Steel Bike
29,Sleek Frozen Ball
30,Refined Cotton Bike
31,Generic Concrete Shoes
32,Handcrafted Soft Chips
33,Small Frozen Tuna
34,Rustic Cotton Table
35,Intelligent Frozen Cheese
36,Tasty Cotton Computer
37,Handcrafted Plastic Chair
38,Unbranded Steel Sausages
39,Practical Wooden Hat
40,Refined Fresh Mouse
41,Generic Cotton Tuna
42,Intelligent Granite Chair
43,Small Soft Bike
44,Handcrafted Granite Pizza
45,Practical Granite Shoes
46,Rustic Cotton Tuna
47,Sleek Granite Computer
48,Incredible Rubber Shirt
49,Sleek Soft Gloves
50,Refined Concrete Keyboard
51,Sleek Soft Bacon
52,Handmade Steel Gloves
53,Sleek Cotton Table
54,Fantastic Metal Tuna
55,Rustic Fresh Soap
56,Practical Rubber Hat
57,Awesome Cotton Ball
58,Intelligent Metal Mouse
59,Awesome Concrete Table
60,Gorgeous Granite Soap
61,Handcrafted Steel Hat
62,Licensed Rubber Shirt
63,Practical Concrete Computer
64,Fantastic Soft Car
65,Tasty Frozen Fish
66,Fantastic Fresh Pants
67,Handmade Rubber Shoes
68,Handcrafted Wooden Mouse
69,Handcrafted Granite Keyboard
70,Intelligent Plastic Chair
71,Tasty Metal Chips
72,Awesome Concrete Chips
73,Handcrafted Wooden Bacon
74,Ergonomic Wooden Shirt
75,Fantastic Plastic Bacon
76,Gorgeous Cotton Shoes
77,Small Plastic Hat
78,Awesome Plastic Bacon
79,Unbranded Frozen Mouse
80,Incredible Steel Ball
81,Gorgeous Cotton Mouse
82,Handcrafted Frozen Tuna
83,Rustic Granite Fish
84,Unbranded Cotton Pants
85,Fantastic Soft Bacon
86,Practical Frozen Bacon
87,Sleek Wooden Soap
88,Incredible Concrete Shirt
89,Fantastic Concrete Salad
90,Handcrafted Granite Table
91,Small Plastic Towels
92,Intelligent Cotton Fish
93,Ergonomic Cotton Shoes
94,Awesome Concrete Tuna
95,Intelligent Steel Chair
96,Licensed Wooden Tuna
97,Intelligent Granite Chips
98,Tasty Frozen Gloves
99,Unbranded Soft Shoes
100,Handmade Fresh Chips
101,Fantastic Plastic Salad
102,Rustic Rubber Pants
103,Gorgeous Granite Soap
104,Licensed Granite Keyboard
105,Practical Steel Shirt
106,Refined Cotton Car
107,Small Fresh Sausages
108,Awesome Steel Keyboard
109,Gorgeous Fresh Keyboard
110,Tasty Concrete Chair
111,Fantastic Rubber Chicken
112,Small Fresh Chicken
113,Small Granite Car
114,Ergonomic Plastic Ball
115,Generic Frozen Towels
116,Practical Cotton Cheese
117,Practical Cotton Cheese
118,Practical Concrete Chair
119,Tasty Granite Bike
120,Small Frozen Keyboard
121,Handcrafted Fresh Keyboard
122,Intelligent Cotton Mouse
123,Refined Steel Sausages
124,Ergonomic Soft Gloves
125,Rustic Cotton Bacon
126,Fantastic Cotton Fish
127,Refined Fresh Keyboard
128,Fantastic Granite Fish
129,Small Wooden Keyboard
130,Generic Frozen Ball
131,Handmade Fresh Table
132,Fantastic Plastic Computer
133,Rustic Cotton Pizza
134,Sleek Metal Soap
135,Practical Steel Soap
136,Ergonomic Fresh Bike
137,Intelligent Steel Shirt
138,Ergonomic Steel Mouse
139,Gorgeous Frozen Soap
140,Licensed Wooden Keyboard
141,Sleek Plastic Shoes
142,Handmade Frozen Sausages
143,Tasty Steel Cheese
144,Rustic Cotton Shoes
145,Handcrafted Wooden Mouse
146,Small Wooden Cheese
147,Incredible Plastic Mouse
148,Intelligent Cotton Fish
149,Sleek Wooden Mouse
150,Incredible Fresh Chips
151,Incredible Plastic Car
152,Small Fresh Bacon
153,Handcrafted Concrete Fish
154,Licensed Plastic Hat
155,Gorgeous Steel Sausages
156,Tasty Soft Shirt
157,Awesome Fresh Tuna
158,Awesome Fresh Sausages
159,Handmade Steel Bacon
160,Practical Rubber Soap
161,Incredible Frozen Soap
162,Rustic Fresh Chips
163,Generic Rubber Cheese
164,Intelligent Steel Computer
165,Unbranded Granite Shoes
166,Small Soft Mouse
167,Refined Granite Fish
168,Unbranded Frozen Computer
169,Handcrafted Frozen Car
170,Generic Fresh Pizza
171,Gorgeous Wooden Bike
172,Rustic Wooden Mouse
173,Fantastic Granite Keyboard
174,Tasty Rubber Fish
175,Ergonomic Frozen Hat
176,Sleek Fresh Pizza
177,Gorgeous Concrete Chair
178,Tasty Granite Sausages
179,Handmade Cotton Fish
180,Gorgeous Soft Computer
181,Unbranded Granite Cheese
182,Sleek Wooden Car
183,Handmade Plastic Pizza
184,Rustic Rubber Computer
185,Tasty Steel Pants
186,Refined Soft Shoes
187,Licensed Cotton Cheese
188,Handmade Soft Car
189,Gorgeous Granite Ball
190,Handmade Rubber Gloves
191,Awesome Metal Bacon
192,Handcrafted Plastic Salad
193,Unbranded Granite Bacon
194,Refined Soft Keyboard
195,Refined Cotton Gloves
196,Fantastic Rubber Soap
197,Small Fresh Mouse
198,Refined Steel Pants
199,Incredible Fresh Bike
200,Intelligent Cotton Table
201,Tasty Granite Keyboard
202,Incredible Soft Car
203,Practical Frozen Fish
204,Incredible Cotton Table
205,Intelligent Frozen Shoes
206,Gorgeous Granite Computer
207,Incredible Cotton Towels
208,Sleek Wooden Shirt
209,Tasty Cotton Chicken
210,Sleek Cotton Pants
211,Handmade Frozen Table
212,Sleek Frozen Bacon
213,Practical Concrete Ball
214,Small Cotton Chicken
215,Incredible Rubber Gloves
216,Rustic Metal Shoes
217,Awesome Frozen Table
218,Tasty Wooden Bacon
219,Awesome Metal Keyboard
220,Generic Steel Mouse
221,Refined Steel Soap
222,Fantastic Cotton Mouse
223,Handcrafted Frozen Pants
224,Awesome Steel Towels
225,Incredible Fresh Chair
226,Sleek Plastic Fish
227,Awesome Soft Cheese
228,Fantastic Cotton Sausages
229,Awesome Granite Pants
230,Handmade Frozen Hat
231,Awesome Granite Towels
232,Tasty Fresh Gloves
233,Small Plastic Table
234,Gorgeous Steel Keyboard
235,Fantastic Concrete Bacon
236,Refined Metal Bike
237,Ergonomic Soft Salad
238,Unbranded Steel Hat
239,Sleek Granite Towels
240,Unbranded Frozen Sausages
241,Rustic Plastic Shoes
242,Incredible Plastic Pants
243,Gorgeous Steel Ball
244,Incredible Plastic Car
245,Small Granite Computer
246,Handcrafted Wooden Car
247,Intelligent Concrete Pizza
248,Ergonomic Wooden Soap
249,Handmade Rubber Chips
250,Incredible Concrete Ball
251,Refined Concrete Mouse
252,Ergonomic Metal Pants
253,Small Steel Keyboard
254,Rustic Cotton Tuna
255,Incredible Soft Chicken
256,Tasty Granite Gloves
257,Refined Concrete Table
258,Rustic Plastic Bike
259,Rustic Cotton Chair
260,Generic Fresh Chicken
261,Fantastic Frozen Pizza
262,Incredible Cotton Bacon
263,Gorgeous Rubber Shirt
264,Handcrafted Wooden Ball
265,Handmade Wooden Fish
266,Generic Fresh Ball
267,Awesome Metal Pizza
268,Rustic Frozen Bike
269,Small Plastic Chair
270,Intelligent Plastic Gloves
271,Ergonomic Metal Bike
272,Practical Concrete Keyboard
273,Licensed Soft Ball
274,Intelligent Cotton Bacon
275,Unbranded Steel Car
276,Fantastic Rubber Sausages
277,Practical Metal Towels
278,Awesome Fresh Pants
279,Intelligent Concrete Towels
280,Practical Plastic Shirt
281,Practical Plastic Computer
282,Tasty Soft Keyboard
283,Practical Granite Shoes
284,Tasty Plastic Mouse
285,Generic Frozen Pants
286,Ergonomic Granite Tuna
287,Handcrafted Fresh Shoes
288,Handmade Plastic Shoes
289,Fantastic Plastic Sausages
290,Awesome Fresh Ball
291,Fantastic Rubber Car
292,Licensed Metal Chips
293,Rustic Metal Tuna
294,Practical Wooden Shoes
295,Rustic Rubber Gloves
296,Fantastic Frozen Ball
297,Handcrafted Fresh Towels
298,Unbranded Fresh Bike
299,Gorgeous Wooden Fish
300,Small Granite Keyboard
301,Rustic Concrete Shoes
302,Unbranded Rubber Towels
303,Practical Fresh Car
304,Incredible Metal Towels
305,Rustic Cotton Bacon
306,Licensed Cotton Chair
307,Practical Plastic Fish
308,Unbranded Frozen Shoes
309,Licensed Plastic Keyboard
310,Sleek Wooden Chair
311,Licensed Cotton Ball
312,Unbranded Concrete Salad
313,Sleek Cotton Car
314,Handcrafted Soft Pizza
315,Intelligent Fresh Tuna
316,Small Wooden Soap
317,Gorgeous Cotton Computer
318,Licensed Fresh Car
319,Rustic Plastic Bike
320,Licensed Metal Chicken
321,Sleek Steel Cheese
322,Sleek Plastic Chicken
323,Fantastic Fresh Pizza
324,Ergonomic Plastic Chicken
325,Gorgeous Plastic Soap
326,Fantastic Granite Salad
327,Refined Cotton Shirt
328,Refined Steel Soap
329,Incredible Rubber Fish
330,Fantastic Frozen Bacon
331,Rustic Cotton Fish
332,Rustic Wooden Hat
333,Gorgeous Rubber Shoes
334,Generic Soft Chicken
335,Handmade Rubber Bike
336,Gorgeous Plastic Towels
337,Fantastic Granite Towels
338,Incredible Frozen Computer
339,Gorgeous Wooden Computer
340,Tasty Wooden Chicken
341,Practical Frozen Bacon
342,Awesome Frozen Ball
343,Awesome Fresh Chicken
344,Tasty Metal Keyboard
345,Fantastic Fresh Towels
346,Incredible Fresh Pizza
347,Incredible Rubber Chips
348,Unbranded Concrete Shirt
349,Refined Soft Hat
350,Incredible Metal Towels
351,Small Rubber Chair
352,Handmade Frozen Shoes
353,Practical Cotton Chicken
354,Gorgeous Soft Chips
355,Practical Granite Gloves
356,Licensed Concrete Keyboard
357,Sleek Metal Gloves
358,Awesome Rubber Chips
359,Handmade Plastic Table
360,Sleek Plastic Ball
361,Rustic Steel Bike
362,Tasty Granite Pants
363,Gorgeous Concrete Towels
364,Gorgeous Wooden Pizza
365,Sleek Cotton Salad
366,Refined Fresh Bike
367,Licensed Concrete Hat
368,Generic Rubber Computer
369,Intelligent Rubber Fish
370,Handcrafted Metal Sausages
371,Practical Steel Bike
372,Handmade Rubber Gloves
373,Gorgeous Frozen Computer
374,Handmade Granite Chips
375,Unbranded Metal Hat
376,Intelligent Metal Bacon
377,Fantastic Concrete Gloves
378,Handcrafted Steel Chair
379,Sleek Soft Chair
380,Small Steel Keyboard
381,Handcrafted Plastic Soap
382,Generic Cotton Gloves
383,Handcrafted Steel Chips
384,Handcrafted Rubber Chair
385,Gorgeous Metal Shoes
386,Refined Fresh Car
387,Rustic Cotton Bacon
388,Fantastic Wooden Bike
389,Small Frozen Chicken
390,Intelligent Cotton Hat
391,Fantastic Wooden Fish
392,Incredible Soft Hat
393,Generic Soft Cheese
394,Small Rubber Car
395,Intelligent Frozen Fish
396,Handcrafted Concrete Chips
397,Handcrafted Frozen Ball
398,Small Granite Towels
399,Licensed Cotton Shirt
400,Gorgeous Concrete Computer
401,Generic Granite Chips
402,Rustic Cotton Bacon
403,Rustic Plastic Fish
404,Awesome Steel Fish
405,Generic Granite Shoes
406,Ergonomic Wooden Fish
407,Refined Steel Pants
408,Practical Soft Shirt
409,Rustic Steel Pizza
410,Intelligent Granite Bacon
411,Licensed Frozen Pants
412,Practical Concrete Tuna
413,Unbranded Plastic Pizza
414,Practical Concrete Shoes
415,Intelligent Fresh Chicken
416,Small Metal Tuna
417,Rustic Metal Chair
418,Incredible Cotton Chair
419,Practical Concrete Cheese
420,Ergonomic Granite Shirt
421,Practical Fresh Car
422,Unbranded Steel Car
423,Licensed Fresh Soap
424,Awesome Cotton Keyboard
425,Fantastic Rubber Chair
426,Practical Plastic Keyboard
427,Fantastic Metal Fish
428,Awesome Concrete Car
429,Fantastic Granite Shoes
430,Gorgeous Frozen Fish
431,Generic Plastic Hat
432,Small Cotton Soap
433,Practical Concrete Ball
434,Gorgeous Concrete Keyboard
435,Handmade Rubber Gloves
436,Handcrafted Plastic Salad
437,Intelligent Concrete Pants
438,Tasty Cotton Chicken
439,Small Metal Tuna
440,Tasty Frozen Table
441,Intelligent Metal Shoes
442,Refined Plastic Soap
443,Unbranded Rubber Computer
444,Fantastic Concrete Soap
445,Generic Plastic Pizza
446,Licensed Rubber Hat
447,Rustic Concrete Keyboard
448,Handcrafted Metal Shoes
449,Sleek Fresh Tuna
450,Awesome Wooden Towels
451,Refined Granite Fish
452,Generic Cotton Keyboard
453,Unbranded Frozen Fish
454,Sleek Fresh Hat
455,Tasty Plastic Hat
456,Fantastic Soft Shoes
457,Ergonomic Fresh Towels
458,Gorgeous Concrete Table
459,Incredible Steel Chips
460,Ergonomic Soft Bike
461,Sleek Steel Bike
462,Small Concrete Salad
463,Awesome Concrete Shirt
464,Practical Frozen Chips
465,Unbranded Wooden Hat
466,Rustic Wooden Towels
467,Handcrafted Granite Mouse
468,Rustic Metal Sausages
469,Awesome Frozen Sausages
470,Refined Frozen Soap
471,Rustic Plastic Tuna
472,Licensed Wooden Hat
473,Handcrafted Steel Towels
474,Small Steel Computer
475,Fantastic Steel Chicken
476,Gorgeous Rubber Table
477,Handmade Concrete Pants
478,Rustic Plastic Computer
479,Generic Steel Keyboard
480,Ergonomic Frozen Pizza
481,Incredible Plastic Cheese
482,Tasty Plastic Bike
483,Generic Cotton Salad
484,Tasty Steel Pants
485,Generic Fresh Ball
486,Sleek Fresh Chicken
487,Handcrafted Soft Soap
488,Intelligent Steel Chair
489,Ergonomic Cotton Bacon
490,Licensed Concrete Fish
491,Tasty Plastic Car
492,Small Concrete Hat
493,Refined Concrete Shoes
494,Fantastic Wooden Bacon
495,Sleek Metal Bike
496,Intelligent Plastic Keyboard
497,Refined Cotton Bacon
498,Licensed Metal Sausages
499,Tasty Fresh Pizza
500,Small Fresh Soap
501,Gorgeous Rubber Chicken
502,Fantastic Steel Keyboard
503,Refined Rubber Shirt
504,Practical Soft Pants
505,Generic Granite Chicken
506,Fantastic Fresh Gloves
507,Practical Granite Towels
508,Licensed Rubber Gloves
509,Tasty Frozen Bacon
510,Practical Cotton Car
511,Gorgeous Fresh Salad
512,Gorgeous Frozen Shirt
513,Sleek Plastic Computer
514,Tasty Concrete Sausages
515,Ergonomic Plastic Pizza
516,Fantastic Cotton Pizza
517,Ergonomic Plastic Computer
518,Fantastic Plastic Computer
519,Unbranded Concrete Soap
520,Awesome Rubber Shoes
521,Fantastic Granite Bacon
522,Unbranded Soft Bacon
523,Ergonomic Metal Chips
524,Gorgeous Plastic Chair
525,Ergonomic Wooden Salad
526,Handmade Soft Car
527,Tasty Cotton Hat
528,Practical Cotton Pants
529,Refined Soft Towels
530,Small Wooden Tuna
531,Small Plastic Shoes
532,Gorgeous Plastic Bacon
533,Fantastic Granite Table
534,Awesome Plastic Table
535,Generic Cotton Pizza
536,Unbranded Fresh Sausages
537,Practical Metal Table
538,Sleek Fresh Chicken
539,Unbranded Concrete Tuna
540,Licensed Frozen Chicken
541,Handmade Frozen Towels
542,Small Cotton Gloves
543,Intelligent Concrete Pants
544,Sleek Cotton Computer
545,Licensed Frozen Shirt
546,Gorgeous Frozen Keyboard
547,Practical Cotton Chair
548,Small Plastic Chips
549,Handcrafted Fresh Computer
550,Awesome Fresh Tuna
551,Intelligent Fresh Towels
552,Awesome Fresh Chicken
553,Handmade Granite Bike
554,Small Cotton Towels
555,Rustic Rubber Sausages
556,Intelligent Cotton Computer
557,Small Soft Chair
558,Licensed Wooden Hat
559,Refined Granite Pizza
560,Generic Rubber Bike
561,Unbranded Frozen Shirt
562,Generic Soft Ball
563,Intelligent Fresh Sausages
564,Handcrafted Metal Keyboard
565,Incredible Wooden Chicken
566,Rustic Frozen Gloves
567,Gorgeous Plastic Bacon
568,Licensed Frozen Towels
569,Licensed Cotton Chair
570,Tasty Soft Pizza
571,Gorgeous Metal Bike
572,Gorgeous Cotton Soap
573,Generic Plastic Shirt
574,Refined Rubber Cheese
575,Rustic Rubber Sausages
576,Unbranded Plastic Towels
577,Awesome Wooden Pants
578,Handmade Cotton Gloves
579,Ergonomic Plastic Chips
580,Handcrafted Concrete Table
581,Ergonomic Granite Chips
582,Awesome Plastic Computer
583,Rustic Metal Hat
584,Rustic Rubber Hat
585,Awesome Rubber Gloves
586,Handcrafted Frozen Salad
587,Incredible Frozen Bacon
588,Handmade Plastic Fish
589,Small Cotton Hat
590,Small Fresh Table
591,Intelligent Cotton Hat
592,Small Fresh Chair
593,Unbranded Steel Mouse
594,Awesome Soft Table
595,Refined Fresh Mouse
596,Practical Fresh Pizza
597,Rustic Metal Pants
598,Gorgeous Wooden Table
599,Refined Frozen Gloves
600,Rustic Steel Salad
601,Handcrafted Concrete Computer
602,Tasty Soft Salad
603,Sleek Granite Shirt
604,Fantastic Steel Soap
605,Unbranded Frozen Tuna
606,Tasty Cotton Shirt
607,Awesome Steel Fish
608,Incredible Plastic Bacon
609,Fantastic Granite Fish
610,Fantastic Soft Bike
611,Awesome Wooden Hat
612,Practical Wooden Gloves
613,Incredible Fresh Tuna
614,Awesome Soft Shirt
615,Small Wooden Shirt
616,Unbranded Cotton Tuna
617,Practical Metal Salad
618,Handcrafted Frozen Tuna
619,Intelligent Granite Keyboard
620,Practical Plastic Cheese
621,Awesome Steel Shirt
622,Sleek Soft Fish
623,Awesome Frozen Mouse
624,Small Concrete Keyboard
625,Unbranded Fresh Tuna
626,Refined Fresh Keyboard
627,Ergonomic Rubber Chips
628,Sleek Granite Sausages
629,Fantastic Cotton Shoes
630,Incredible Fresh Tuna
631,Awesome Granite Sausages
632,Unbranded Granite Bacon
633,Tasty Steel Cheese
634,Ergonomic Cotton Pants
635,Ergonomic Rubber Chair
636,Awesome Cotton Hat
637,Licensed Cotton Salad
638,Refined Frozen Fish
639,Fantastic Fresh Pants
640,Awesome Frozen Table
641,Ergonomic Wooden Bacon
642,Refined Wooden Fish
643,Refined Rubber Ball
644,Unbranded Cotton Computer
645,Practical Metal Mouse
646,Handcrafted Soft Pizza
647,Handmade Metal Gloves
648,Rustic Plastic Salad
649,Awesome Frozen Bacon
650,Refined Frozen Tuna
651,Tasty Plastic Chicken
652,Refined Soft Bacon
653,Awesome Granite Chair
654,Gorgeous Soft Table
655,Handcrafted Plastic Ball
656,Awesome Soft Fish
657,Fantastic Metal Mouse
658,Sleek Fresh Towels
659,Fantastic Soft Car
660,Tasty Concrete Mouse
661,Intelligent Steel Car
662,Awesome Granite Towels
663,Practical Concrete Towels
664,Small Cotton Car
665,Refined Granite Fish
666,Handcrafted Wooden Bike
667,Licensed Rubber Keyboard
668,Unbranded Fresh Fish
669,Fantastic Frozen Pants
670,Unbranded Fresh Shoes
671,Licensed Concrete Hat
672,Fantastic Plastic Pizza
673,Incredible Rubber Chicken
674,Awesome Fresh Chair
675,Rustic Rubber Gloves
676,Gorgeous Soft Shoes
677,Small Cotton Salad
678,Ergonomic Wooden Tuna
679,Refined Granite Shirt
680,Rustic Plastic Bacon
681,Sleek Granite Towels
682,Awesome Metal Pizza
683,Tasty Concrete Pants
684,Sleek Rubber Cheese
685,Intelligent Plastic Chair
686,Awesome Rubber Cheese
687,Ergonomic Metal Hat
688,Awesome Rubber Soap
689,Ergonomic Soft Shoes
690,Awesome Granite Pizza
691,Small Cotton Pants
692,Ergonomic Wooden Pizza
693,Handcrafted Cotton Hat
694,Licensed Wooden Chair
695,Intelligent Soft Chips
696,Fantastic Cotton Mouse
697,Rustic Steel Mouse
698,Fantastic Fresh Keyboard
699,Practical Rubber Chips
700,Sleek Concrete Ball
701,Rustic Wooden Towels
702,Handcrafted Cotton Pants
703,Fantastic Soft Car
704,Intelligent Rubber Computer
705,Intelligent Plastic Gloves
706,Gorgeous Steel Car
707,Incredible Granite Shirt
708,Unbranded Fresh Mouse
709,Handcrafted Concrete Soap
710,Ergonomic Plastic Computer
711,Gorgeous Frozen Ball
712,Sleek Metal Pants
713,Tasty Cotton Sausages
714,Intelligent Frozen Pants
715,Licensed Concrete Shirt
716,Small Plastic Ball
717,Tasty Rubber Computer
718,Generic Rubber Hat
719,Rustic Granite Ball
720,Generic Granite Ball
721,Gorgeous Metal Gloves
722,Unbranded Soft Towels
723,Intelligent Wooden Pants
724,Refined Cotton Table
725,Small Rubber Hat
726,Small Rubber Shirt
727,Handcrafted Plastic Cheese
728,Awesome Concrete Pants
729,Handcrafted Fresh Shoes
730,Small Concrete Chicken
731,Rustic Wooden Mouse
732,Rustic Soft Salad
733,Gorgeous Fresh Fish
734,Intelligent Rubber Salad
735,Ergonomic Fresh Bike
736,Licensed Steel Ball
737,Tasty Cotton Table
738,Gorgeous Frozen Car
739,Handcrafted Wooden Hat
740,Gorgeous Metal Towels
741,Practical Frozen Pants
742,Fantastic Concrete Tuna
743,Practical Granite Ball
744,Practical Metal Soap
745,Handmade Concrete Chair
746,Tasty Wooden Pizza
747,Small Steel Soap
748,Sleek Wooden Soap
749,Gorgeous Wooden Bacon
750,Rustic Concrete Keyboard
751,Refined Metal Soap
752,Generic Fresh Car
753,Sleek Frozen Hat
754,Fantastic Fresh Car
755,Gorgeous Metal Tuna
756,Awesome Granite Pizza
757,Handmade Cotton Chair
758,Handmade Rubber Pants
759,Intelligent Frozen Ball
760,Licensed Cotton Soap
761,Gorgeous Rubber Cheese
762,Small Granite Hat
763,Awesome Wooden Chicken
764,Sleek Fresh Bike
765,Rustic Fresh Shoes
766,Refined Frozen Table
767,Handcrafted Frozen Soap
768,Small Metal Salad
769,Generic Concrete Mouse
770,Awesome Soft Pants
771,Practical Rubber Car
772,Incredible Granite Hat
773,Handmade Frozen Salad
774,Handmade Granite Table
775,Fantastic Cotton Table
776,Licensed Steel Ball
777,Tasty Cotton Shirt
778,Unbranded Plastic Pants
779,Tasty Wooden Pizza
780,Tasty Fresh Shoes
781,Licensed Fresh Hat
782,Licensed Steel Chips
783,Refined Wooden Chips
784,Fantastic Rubber Computer
785,Unbranded Fresh Mouse
786,Small Soft Towels
787,Gorgeous Steel Towels
788,Licensed Soft Fish
789,Handcrafted Metal Towels
790,Incredible Concrete Ball
791,Sleek Rubber Pants
792,Fantastic Metal Sausages
793,Fantastic Metal Towels
794,Ergonomic Wooden Ball
795,Small Metal Shirt
796,Ergonomic Wooden Fish
797,Handmade Metal Tuna
798,Tasty Metal Fish
799,Practical Granite Pizza
800,Refined Plastic Computer
801,Handmade Wooden Bacon
802,Unbranded Metal Hat
803,Licensed Concrete Gloves
804,Sleek Granite Shoes
805,Awesome Steel Fish
806,Tasty Steel Chair
807,Refined Steel Hat
808,Licensed Granite Hat
809,Small Cotton Sausages
810,Generic Soft Fish
811,Incredible Wooden Chips
812,Handmade Metal Cheese
813,Practical Frozen Chicken
814,Handmade Frozen Hat
815,Unbranded Granite Mouse
816,Incredible Fresh Chicken
817,Refined Rubber Shoes
818,Awesome Fresh Cheese
819,Awesome Concrete Sausages
820,Generic Plastic Table
821,Handmade Soft Pants
822,Unbranded Steel Sausages
823,Handmade Soft Bike
824,Rustic Fresh Salad
825,Fantastic Frozen Hat
826,Handcrafted Rubber Salad
827,Handcrafted Metal Keyboard
828,Incredible Granite Shoes
829,Practical Cotton Shoes
830,Sleek Metal Ball
831,Handmade Soft Table
832,Handcrafted Concrete Ball
833,Handmade Rubber Mouse
834,Sleek Plastic Chips
835,Refined Concrete Bike
836,Handcrafted Cotton Mouse
837,Generic Frozen Tuna
838,Handmade Fresh Computer
839,Incredible Plastic Tuna
840,Intelligent Plastic Shoes
841,Handmade Plastic Mouse
842,Sleek Frozen Pants
843,Unbranded Fresh Tuna
844,Incredible Concrete Chicken
845,Ergonomic Steel Mouse
846,Handcrafted Concrete Shirt
847,Gorgeous Plastic Mouse
848,Unbranded Rubber Shirt
849,Handmade Steel Table
850,Incredible Soft Shoes
851,Incredible Metal Towels
852,Intelligent Cotton Hat
853,Small Granite Pants
854,Incredible Rubber Chicken
855,Small Concrete Tuna
856,Gorgeous Concrete Chicken
857,Fantastic Concrete Salad
858,Ergonomic Plastic Shoes
859,Rustic Soft Chicken
860,Rustic Granite Pants
861,Tasty Frozen Cheese
862,Handcrafted Soft Soap
863,Generic Frozen Chips
864,Gorgeous Soft Sausages
865,Awesome Cotton Bacon
866,Gorgeous Frozen Bacon
867,Handcrafted Soft Sausages
868,Sleek Frozen Bacon
869,Handmade Cotton Keyboard
870,Licensed Rubber Car
871,Small Granite Keyboard
872,Intelligent Fresh Ball
873,Incredible Wooden Ball
874,Unbranded Soft Towels
875,Gorgeous Steel Gloves
876,Generic Metal Pizza
877,Refined Rubber Tuna
878,Fantastic Soft Salad
879,Unbranded Soft Bike
880,Refined Steel Towels
881,Licensed Plastic Shoes
882,Handmade Steel Soap
883,Generic Frozen Chips
884,Fantastic Wooden Chicken
885,Incredible Fresh Tuna
886,Unbranded Concrete Computer
887,Awesome Concrete Shoes
888,Practical Frozen Pants
889,Small Granite Computer
890,Incredible Soft Gloves
891,Generic Rubber Table
892,Sleek Fresh Chips
893,Fantastic Plastic Shirt
894,Ergonomic Granite Chips
895,Generic Wooden Keyboard
896,Small Soft Table
897,Practical Metal Shirt
898,Refined Wooden Bike
899,Gorgeous Metal Soap
900,Refined Granite Chips
901,Practical Plastic Ball
902,Intelligent Plastic Shirt
903,Handcrafted Cotton Table
904,Handmade Wooden Chips
905,Gorgeous Plastic Tuna
906,Rustic Wooden Bacon
907,Practical Wooden Soap
908,Small Metal Pants
909,Small Wooden Computer
910,Licensed Rubber Towels
911,Rustic Frozen Keyboard
912,Intelligent Soft Ball
913,Gorgeous Fresh Mouse
914,Fantastic Rubber Chair
915,Awesome Soft Pants
916,Handcrafted Metal Ball
917,Handmade Frozen Shoes
918,Incredible Rubber Fish
919,Awesome Metal Cheese
920,Incredible Fresh Car
921,Ergonomic Concrete Chair
922,Intelligent Fresh Salad
923,Small Cotton Cheese
924,Intelligent Concrete Mouse
925,Incredible Concrete Ball
926,Awesome Concrete Shoes
927,Ergonomic Steel Car
928,Intelligent Steel Computer
929,Sleek Plastic Hat
930,Incredible Rubber Soap
931,Practical Steel Pants
932,Generic Concrete Cheese
933,Refined Cotton Pizza
934,Incredible Plastic Pants
935,Tasty Rubber Ball
936,Handcrafted Fresh Chair
937,Tasty Fresh Cheese
938,Awesome Plastic Chair
939,Generic Concrete Cheese
940,Refined Metal Hat
941,Handmade Frozen Soap
942,Incredible Fresh Shoes
943,Tasty Steel Fish
944,Awesome Fresh Salad
945,Licensed Wooden Fish
946,Refined Frozen Computer
947,Gorgeous Steel Gloves
948,Refined Granite Fish
949,Gorgeous Fresh Shirt
950,Tasty Steel Chips
951,Awesome Granite Computer
952,Generic Frozen Keyboard
953,Ergonomic Granite Hat
954,Refined Cotton Gloves
955,Sleek Cotton Bacon
956,Gorgeous Soft Chair
957,Small Plastic Ball
958,Handmade Granite Chips
959,Practical Concrete Cheese
960,Handcrafted Cotton Fish
961,Gorgeous Frozen Gloves
962,Tasty Cotton Sausages
963,Unbranded Steel Sausages
964,Small Steel Computer
965,Awesome Metal Bacon
966,Handmade Metal Pizza
967,Incredible Metal Chair
968,Awesome Granite Shoes
969,Fantastic Plastic Soap
970,Sleek Plastic Shirt
971,Fantastic Fresh Salad
972,Awesome Plastic Bacon
973,Refined Steel Pizza
974,Intelligent Steel Bacon
975,Ergonomic Granite Sausages
976,Licensed Cotton Sausages
977,Generic Steel Ball
978,Sleek Metal Bike
979,Fantastic Cotton Shirt
980,Handmade Metal Chips
981,Generic Metal Towels
982,Refined Rubber Soap
983,Small Wooden Keyboard
984,Gorgeous Plastic Tuna
985,Intelligent Metal Keyboard
986,Intelligent Frozen Cheese
987,Practical Granite Pizza
988,Unbranded Cotton Bike
989,Ergonomic Cotton Hat
990,Handmade Metal Sausages
991,Practical Concrete Pizza
992,Rustic Fresh Hat
993,Generic Steel Fish
994,Generic Steel Towels
995,Unbranded Granite Shoes
996,Unbranded Fresh Mouse
997,Tasty Plastic Chicken
998,Refined Concrete Gloves
999,Fantastic Granite Bike
